{"loss": 0.27301719784736633, "epoch": 499, "_timestamp": 1695800350.8119402, "_runtime": 505.14168310165405, "_step": 499, "gradients/out.weight": {"_type": "histogram", "values": [7.0, 0.0, 0.0, 0.0, 0.0, 0.0, 0.0, 0.0, 0.0, 0.0, 0.0, 0.0, 0.0, 0.0, 0.0, 0.0, 0.0, 0.0, 0.0, 0.0, 0.0, 0.0, 0.0, 0.0, 0.0, 0.0, 0.0, 0.0, 0.0, 0.0, 0.0, 0.0, 0.0, 0.0, 0.0, 0.0, 0.0, 0.0, 0.0, 0.0, 0.0, 0.0, 0.0, 0.0, 0.0, 0.0, 0.0, 0.0, 0.0, 0.0, 0.0, 0.0, 0.0, 0.0, 0.0, 0.0, 0.0, 0.0, 0.0, 0.0, 0.0, 0.0, 5.0, 4.0], "bins": [0.0, 47885244.0, 95770488.0, 143655728.0, 191540976.0, 239426224.0, 287311456.0, 335196704.0, 383081952.0, 430967200.0, 478852448.0, 526737696.0, 574622912.0, 622508160.0, 670393408.0, 718278656.0, 766163904.0, 814049152.0, 861934400.0, 909819648.0, 957704896.0, 1005590144.0, 1053475392.0, 1101360640.0, 1149245824.0, 1197131136.0, 1245016320.0, 1292901632.0, 1340786816.0, 1388672128.0, 1436557312.0, 1484442624.0, 1532327808.0, 1580212992.0, 1628098304.0, 1675983488.0, 1723868800.0, 1771753984.0, 1819639296.0, 1867524480.0, 1915409792.0, 1963294976.0, 2011180288.0, 2059065472.0, 2106950656.0, 2154835968.0, 2202721280.0, 2250606592.0, 2298491648.0, 2346376960.0, 2394262272.0, 2442147328.0, 2490032640.0, 2537917952.0, 2585803264.0, 2633688320.0, 2681573632.0, 2729458944.0, 2777344256.0, 2825229312.0, 2873114624.0, 2920999936.0, 2968885248.0, 3016770304.0, 3064655616.0]}, "gradients/out.bias": {"_type": "histogram", "values": [0.0, 0.0, 0.0, 0.0, 0.0, 0.0, 0.0, 0.0, 0.0, 0.0, 0.0, 0.0, 0.0, 0.0, 0.0, 0.0, 0.0, 0.0, 0.0, 0.0, 0.0, 0.0, 0.0, 0.0, 0.0, 0.0, 0.0, 0.0, 0.0, 0.0, 0.0, 0.0, 1.0, 0.0, 0.0, 0.0, 0.0, 0.0, 0.0, 0.0, 0.0, 0.0, 0.0, 0.0, 0.0, 0.0, 0.0, 0.0, 0.0, 0.0, 0.0, 0.0, 0.0, 0.0, 0.0, 0.0, 0.0, 0.0, 0.0, 0.0, 0.0, 0.0, 0.0, 0.0], "bins": [53407.484375, 53407.484375, 53407.484375, 53407.484375, 53407.484375, 53407.484375, 53407.484375, 53407.484375, 53407.484375, 53407.484375, 53407.484375, 53407.484375, 53407.484375, 53407.484375, 53407.484375, 53407.484375, 53407.484375, 53407.484375, 53407.484375, 53407.484375, 53407.484375, 53407.484375, 53407.484375, 53407.484375, 53407.484375, 53407.484375, 53407.484375, 53407.484375, 53407.484375, 53407.484375, 53407.484375, 53407.484375, 53407.484375, 53407.484375, 53407.484375, 53407.484375, 53407.484375, 53407.484375, 53407.484375, 53407.484375, 53407.484375, 53407.484375, 53407.484375, 53407.484375, 53407.484375, 53407.484375, 53407.484375, 53407.484375, 53407.484375, 53407.484375, 53407.484375, 53407.484375, 53407.484375, 53407.484375, 53407.484375, 53407.484375, 53407.484375, 53407.484375, 53407.484375, 53407.484375, 53407.484375, 53407.484375, 53407.484375, 53407.484375, 53407.484375]}, "gradients/layer3.weight": {"_type": "histogram", "values": [493.0, 18.0, 9.0, 0.0, 8.0, 9.0, 1.0, 0.0, 18.0, 0.0, 0.0, 0.0, 0.0, 0.0, 0.0, 1.0, 7.0, 1.0, 0.0, 0.0, 1.0, 4.0, 4.0, 1.0, 4.0, 4.0, 0.0, 0.0, 1.0, 3.0, 10.0, 4.0, 2.0, 6.0, 12.0, 23.0, 26.0, 17.0, 14.0, 14.0, 13.0, 57.0, 54.0, 98.0, 57.0, 21.0, 0.0, 0.0, 0.0, 0.0, 0.0, 0.0, 0.0, 0.0, 0.0, 0.0, 0.0, 0.0, 1.0, 1.0, 2.0, 1.0, 3.0, 1.0], "bins": [0.0, 1604239.75, 3208479.5, 4812719.0, 6416959.0, 8021199.0, 9625438.0, 11229678.0, 12833918.0, 14438158.0, 16042398.0, 17646638.0, 19250876.0, 20855116.0, 22459356.0, 24063596.0, 25667836.0, 27272076.0, 28876316.0, 30480556.0, 32084796.0, 33689036.0, 35293276.0, 36897516.0, 38501752.0, 40105992.0, 41710232.0, 43314472.0, 44918712.0, 46522952.0, 48127192.0, 49731432.0, 51335672.0, 52939912.0, 54544152.0, 56148392.0, 57752632.0, 59356872.0, 60961112.0, 62565352.0, 64169592.0, 65773828.0, 67378064.0, 68982304.0, 70586544.0, 72190784.0, 73795024.0, 75399264.0, 77003504.0, 78607744.0, 80211984.0, 81816224.0, 83420464.0, 85024704.0, 86628944.0, 88233184.0, 89837424.0, 91441664.0, 93045904.0, 94650144.0, 96254384.0, 97858624.0, 99462864.0, 101067104.0, 102671344.0]}, "gradients/layer3.bias": {"_type": "histogram", "values": [7.0, 0.0, 0.0, 0.0, 0.0, 0.0, 0.0, 0.0, 0.0, 0.0, 0.0, 0.0, 0.0, 0.0, 0.0, 0.0, 0.0, 0.0, 0.0, 0.0, 0.0, 0.0, 0.0, 0.0, 0.0, 0.0, 0.0, 0.0, 0.0, 0.0, 0.0, 0.0, 0.0, 0.0, 0.0, 0.0, 0.0, 0.0, 0.0, 0.0, 0.0, 0.0, 0.0, 0.0, 0.0, 0.0, 0.0, 0.0, 0.0, 0.0, 0.0, 0.0, 0.0, 0.0, 0.0, 0.0, 0.0, 0.0, 1.0, 1.0, 2.0, 1.0, 3.0, 1.0], "bins": [0.0, 2764.403076171875, 5528.80615234375, 8293.208984375, 11057.6123046875, 13822.015625, 16586.41796875, 19350.822265625, 22115.224609375, 24879.626953125, 27644.03125, 30408.43359375, 33172.8359375, 35937.23828125, 38701.64453125, 41466.046875, 44230.44921875, 46994.8515625, 49759.25390625, 52523.66015625, 55288.0625, 58052.46484375, 60816.8671875, 63581.26953125, 66345.671875, 69110.078125, 71874.4765625, 74638.8828125, 77403.2890625, 80167.6875, 82932.09375, 85696.4921875, 88460.8984375, 91225.3046875, 93989.703125, 96754.109375, 99518.5078125, 102282.9140625, 105047.3203125, 107811.71875, 110576.125, 113340.53125, 116104.9296875, 118869.328125, 121633.734375, 124398.140625, 127162.546875, 129926.9453125, 132691.34375, 135455.75, 138220.15625, 140984.5625, 143748.96875, 146513.359375, 149277.765625, 152042.171875, 154806.578125, 157570.96875, 160335.375, 163099.78125, 165864.1875, 168628.59375, 171392.984375, 174157.390625, 176921.796875]}, "gradients/layer2.weight": {"_type": "histogram", "values": [3.0, 1.0, 4.0, 6.0, 4.0, 3.0, 8.0, 2.0, 5.0, 8.0, 5.0, 9.0, 9.0, 9.0, 14.0, 7.0, 1.0, 1.0, 7.0, 27.0, 51.0, 336.0, 1274.0, 8299.0, 1943.0, 1277.0, 337.0, 49.0, 451.0, 471.0, 348.0, 341.0, 204.0, 193.0, 259.0, 165.0, 164.0, 13.0, 7.0, 6.0, 10.0, 6.0, 3.0, 5.0, 4.0, 5.0, 3.0, 7.0, 1.0, 1.0, 0.0, 1.0, 2.0, 2.0, 1.0, 0.0, 1.0, 3.0, 2.0, 1.0, 1.0, 1.0, 1.0, 2.0], "bins": [-66981380.0, -64133572.0, -61285764.0, -58437952.0, -55590144.0, -52742336.0, -49894528.0, -47046720.0, -44198912.0, -41351104.0, -38503296.0, -35655488.0, -32807676.0, -29959868.0, -27112060.0, -24264252.0, -21416444.0, -18568636.0, -15720828.0, -12873020.0, -10025212.0, -7177400.0, -4329592.0, -1481784.0, 1366028.0, 4213836.0, 7061644.0, 9909452.0, 12757260.0, 15605068.0, 18452876.0, 21300684.0, 24148488.0, 26996296.0, 29844104.0, 32691912.0, 35539720.0, 38387528.0, 41235336.0, 44083144.0, 46930952.0, 49778764.0, 52626572.0, 55474380.0, 58322192.0, 61170000.0, 64017808.0, 66865616.0, 69713424.0, 72561232.0, 75409040.0, 78256848.0, 81104656.0, 83952464.0, 86800272.0, 89648080.0, 92495888.0, 95343696.0, 98191504.0, 101039320.0, 103887128.0, 106734936.0, 109582744.0, 112430552.0, 115278360.0]}, "gradients/layer2.bias": {"_type": "histogram", "values": [1.0, 0.0, 1.0, 0.0, 0.0, 0.0, 0.0, 0.0, 0.0, 0.0, 0.0, 0.0, 0.0, 0.0, 0.0, 0.0, 0.0, 0.0, 0.0, 0.0, 0.0, 1.0, 0.0, 4.0, 0.0, 1.0, 0.0, 0.0, 0.0, 0.0, 0.0, 0.0, 1.0, 0.0, 1.0, 5.0, 44.0, 2.0, 0.0, 0.0, 1.0, 0.0, 0.0, 0.0, 0.0, 0.0, 0.0, 1.0, 0.0, 0.0, 0.0, 0.0, 0.0, 0.0, 0.0, 0.0, 0.0, 0.0, 0.0, 0.0, 0.0, 0.0, 0.0, 1.0], "bins": [-7964715.0, -7626084.0, -7287452.5, -6948821.5, -6610190.0, -6271559.0, -5932928.0, -5594297.0, -5255665.5, -4917034.0, -4578403.0, -4239772.0, -3901140.75, -3562509.5, -3223878.5, -2885247.0, -2546616.0, -2207985.0, -1869353.5, -1530722.5, -1192091.0, -853460.0, -514829.0, -176197.5, 162433.5, 501065.0, 839696.0, 1178327.0, 1516958.0, 1855589.0, 2194221.0, 2532852.0, 2871484.0, 3210115.0, 3548746.0, 3887378.0, 4226009.0, 4564640.0, 4903271.0, 5241902.0, 5580533.5, 5919164.5, 6257796.0, 6596427.0, 6935058.0, 7273689.5, 7612320.5, 7950952.0, 8289583.0, 8628214.0, 8966846.0, 9305476.0, 9644108.0, 9982739.0, 10321370.0, 10660001.0, 10998632.0, 11337264.0, 11675895.0, 12014526.0, 12353157.0, 12691788.0, 13030420.0, 13369051.0, 13707682.0]}, "gradients/layer1.weight": {"_type": "histogram",