{"loss": 1.936399221420288, "epoch": 0, "_timestamp": 1695798907.5370848, "_runtime": 258.66384291648865, "_step": 0, "_wandb": {"runtime": 7}}