{"loss": 0.2317013293504715, "epoch": 499, "_timestamp": 1695799619.9700449, "_runtime": 500.7624797821045, "_step": 499, "gradients/out.weight": {"_type": "histogram", "values": [6.0, 0.0, 1.0, 0.0, 0.0, 0.0, 0.0, 0.0, 0.0, 0.0, 0.0, 0.0, 0.0, 0.0, 0.0, 0.0, 0.0, 0.0, 0.0, 0.0, 0.0, 0.0, 0.0, 0.0, 0.0, 0.0, 0.0, 0.0, 0.0, 0.0, 0.0, 0.0, 0.0, 0.0, 0.0, 0.0, 0.0, 0.0, 0.0, 0.0, 0.0, 0.0, 0.0, 0.0, 0.0, 0.0, 0.0, 0.0, 0.0, 0.0, 0.0, 0.0, 0.0, 0.0, 0.0, 0.0, 0.0, 0.0, 0.0, 0.0, 0.0, 0.0, 0.0, 9.0], "bins": [0.0, 19163344.0, 38326688.0, 57490032.0, 76653376.0, 95816720.0, 114980064.0, 134143408.0, 153306752.0, 172470096.0, 191633440.0, 210796784.0, 229960128.0, 249123472.0, 268286816.0, 287450176.0, 306613504.0, 325776832.0, 344940192.0, 364103552.0, 383266880.0, 402430208.0, 421593568.0, 440756928.0, 459920256.0, 479083584.0, 498246944.0, 517410304.0, 536573632.0, 555736960.0, 574900352.0, 594063680.0, 613227008.0, 632390336.0, 651553664.0, 670717056.0, 689880384.0, 709043712.0, 728207104.0, 747370432.0, 766533760.0, 785697088.0, 804860416.0, 824023808.0, 843187136.0, 862350464.0, 881513856.0, 900677184.0, 919840512.0, 939003840.0, 958167168.0, 977330560.0, 996493888.0, 1015657216.0, 1034820608.0, 1053983936.0, 1073147264.0, 1092310656.0, 1111473920.0, 1130637312.0, 1149800704.0, 1168963968.0, 1188127360.0, 1207290624.0, 1226454016.0]}, "gradients/out.bias": {"_type": "histogram", "values": [0.0, 0.0, 0.0, 0.0, 0.0, 0.0, 0.0, 0.0, 0.0, 0.0, 0.0, 0.0, 0.0, 0.0, 0.0, 0.0, 0.0, 0.0, 0.0, 0.0, 0.0, 0.0, 0.0, 0.0, 0.0, 0.0, 0.0, 0.0, 0.0, 0.0, 0.0, 0.0, 1.0, 0.0, 0.0, 0.0, 0.0, 0.0, 0.0, 0.0, 0.0, 0.0, 0.0, 0.0, 0.0, 0.0, 0.0, 0.0, 0.0, 0.0, 0.0, 0.0, 0.0, 0.0, 0.0, 0.0, 0.0, 0.0, 0.0, 0.0, 0.0, 0.0, 0.0, 0.0], "bins": [32407.783203125, 32407.783203125, 32407.783203125, 32407.783203125, 32407.783203125, 32407.783203125, 32407.783203125, 32407.783203125, 32407.783203125, 32407.783203125, 32407.783203125, 32407.783203125, 32407.783203125, 32407.783203125, 32407.783203125, 32407.783203125, 32407.783203125, 32407.783203125, 32407.783203125, 32407.783203125, 32407.783203125, 32407.783203125, 32407.783203125, 32407.783203125, 32407.783203125, 32407.783203125, 32407.783203125, 32407.783203125, 32407.783203125, 32407.783203125, 32407.783203125, 32407.783203125, 32407.783203125, 32407.783203125, 32407.783203125, 32407.783203125, 32407.783203125, 32407.783203125, 32407.783203125, 32407.783203125, 32407.783203125, 32407.783203125, 32407.783203125, 32407.783203125, 32407.783203125, 32407.783203125, 32407.783203125, 32407.783203125, 32407.783203125, 32407.783203125, 32407.783203125, 32407.783203125, 32407.783203125, 32407.783203125, 32407.783203125, 32407.783203125, 32407.783203125, 32407.783203125, 32407.783203125, 32407.783203125, 32407.783203125, 32407.783203125, 32407.783203125, 32407.783203125, 32407.783203125]}, "gradients/layer3.weight": {"_type": "histogram", "values": [397.0, 21.0, 39.0, 13.0, 1.0, 0.0, 4.0, 0.0, 9.0, 0.0, 0.0, 0.0, 0.0, 0.0, 0.0, 4.0, 14.0, 9.0, 0.0, 8.0, 14.0, 5.0, 0.0, 8.0, 10.0, 5.0, 114.0, 144.0, 160.0, 0.0, 0.0, 0.0, 0.0, 0.0, 0.0, 0.0, 0.0, 0.0, 0.0, 0.0, 0.0, 3.0, 1.0, 4.0, 1.0, 0.0, 0.0, 0.0, 0.0, 0.0, 0.0, 0.0, 0.0, 0.0, 2.0, 2.0, 4.0, 5.0, 1.0, 6.0, 5.0, 1.0, 2.0, 8.0], "bins": [0.0, 640144.4375, 1280288.875, 1920433.25, 2560577.75, 3200722.25, 3840866.5, 4481011.0, 5121155.5, 5761300.0, 6401444.5, 7041589.0, 7681733.0, 8321877.5, 8962022.0, 9602167.0, 10242311.0, 10882455.0, 11522600.0, 12162744.0, 12802889.0, 13443033.0, 14083178.0, 14723322.0, 15363466.0, 16003611.0, 16643755.0, 17283900.0, 17924044.0, 18564188.0, 19204334.0, 19844478.0, 20484622.0, 21124766.0, 21764910.0, 22405056.0, 23045200.0, 23685344.0, 24325488.0, 24965632.0, 25605778.0, 26245922.0, 26886066.0, 27526212.0, 28166356.0, 28806500.0, 29446644.0, 30086788.0, 30726932.0, 31367076.0, 32007222.0, 32647366.0, 33287512.0, 33927656.0, 34567800.0, 35207944.0, 35848088.0, 36488232.0, 37128376.0, 37768520.0, 38408668.0, 39048812.0, 39688956.0, 40329100.0, 40969244.0]}, "gradients/layer3.bias": {"_type": "histogram", "values": [6.0, 0.0, 0.0, 0.0, 0.0, 0.0, 1.0, 0.0, 0.0, 0.0, 0.0, 0.0, 0.0, 0.0, 0.0, 0.0, 0.0, 0.0, 0.0, 0.0, 0.0, 0.0, 0.0, 0.0, 0.0, 0.0, 0.0, 0.0, 0.0, 0.0, 0.0, 0.0, 0.0, 0.0, 0.0, 0.0, 0.0, 0.0, 0.0, 0.0, 0.0, 0.0, 0.0, 0.0, 0.0, 0.0, 0.0, 0.0, 0.0, 0.0, 0.0, 0.0, 0.0, 0.0, 0.0, 0.0, 0.0, 0.0, 0.0, 0.0, 3.0, 1.0, 1.0, 4.0], "bins": [0.0, 1619.4296875, 3238.859375, 4858.2890625, 6477.71875, 8097.1484375, 9716.578125, 11336.0078125, 12955.4375, 14574.8671875, 16194.296875, 17813.7265625, 19433.15625, 21052.5859375, 22672.015625, 24291.4453125, 25910.875, 27530.3046875, 29149.734375, 30769.1640625, 32388.59375, 34008.0234375, 35627.453125, 37246.8828125, 38866.3125, 40485.7421875, 42105.171875, 43724.6015625, 45344.03125, 46963.4609375, 48582.890625, 50202.3203125, 51821.75, 53441.1796875, 55060.609375, 56680.0390625, 58299.46875, 59918.8984375, 61538.328125, 63157.7578125, 64777.1875, 66396.6171875, 68016.046875, 69635.4765625, 71254.90625, 72874.3359375, 74493.765625, 76113.1953125, 77732.625, 79352.0546875, 80971.484375, 82590.9140625, 84210.34375, 85829.7734375, 87449.203125, 89068.6328125, 90688.0625, 92307.4921875, 93926.921875, 95546.3515625, 97165.78125, 98785.2109375, 100404.640625, 102024.0703125, 103643.5]}, "gradients/layer2.weight": {"_type": "histogram", "values": [2.0, 0.0, 0.0, 5.0, 2.0, 2.0, 5.0, 2.0, 3.0, 5.0, 52.0, 57.0, 124.0, 14.0, 89.0, 310.0, 650.0, 10547.0, 1557.0, 349.0, 221.0, 184.0, 125.0, 188.0, 110.0, 239.0, 233.0, 189.0, 251.0, 353.0, 117.0, 45.0, 86.0, 15.0, 19.0, 71.0, 51.0, 17.0, 9.0, 6.0, 12.0, 13.0, 6.0, 5.0, 4.0, 3.0, 10.0, 9.0, 3.0, 2.0, 1.0, 0.0, 1.0, 2.0, 3.0, 2.0, 0.0, 0.0, 0.0, 0.0, 0.0, 1.0, 1.0, 2.0], "bins": [-21421326.0, -20210882.0, -19000440.0, -17789996.0, -16579552.0, -15369109.0, -14158666.0, -12948222.0, -11737779.0, -10527336.0, -9316892.0, -8106449.0, -6896006.0, -5685562.0, -4475118.0, -3264676.0, -2054232.0, -843788.0, 366654.0, 1577098.0, 2787542.0, 3997984.0, 5208428.0, 6418872.0, 7629314.0, 8839758.0, 10050202.0, 11260646.0, 12471090.0, 13681530.0, 14891974.0, 16102418.0, 17312860.0, 18523304.0, 19733748.0, 20944192.0, 22154632.0, 23365076.0, 24575520.0, 25785964.0, 26996408.0, 28206850.0, 29417294.0, 30627738.0, 31838180.0, 33048624.0, 34259068.0, 35469512.0, 36679952.0, 37890400.0, 39100840.0, 40311284.0, 41521728.0, 42732172.0, 43942616.0, 45153056.0, 46363500.0, 47573944.0, 48784388.0, 49994832.0, 51205276.0, 52415720.0, 53626160.0, 54836604.0, 56047048.0]}, "gradients/layer2.bias": {"_type": "histogram", "values": [2.0, 0.0, 0.0, 0.0, 0.0, 0.0, 0.0, 0.0, 0.0, 0.0, 0.0, 0.0, 0.0, 0.0, 0.0, 0.0, 0.0, 0.0, 0.0, 0.0, 1.0, 0.0, 0.0, 2.0, 3.0, 47.0, 2.0, 0.0, 0.0, 1.0, 0.0, 0.0, 0.0, 0.0, 0.0, 0.0, 0.0, 0.0, 0.0, 0.0, 1.0, 1.0, 0.0, 0.0, 0.0, 0.0, 0.0, 0.0, 0.0, 0.0, 0.0, 1.0, 1.0, 0.0, 0.0, 0.0, 0.0, 0.0, 0.0, 0.0, 0.0, 0.0, 1.0, 1.0], "bins": [-45359.2890625, 57331.484375, 160022.25, 262713.03125, 365403.8125, 468094.59375, 570785.3125, 673476.125, 776166.875, 878857.625, 981548.4375, 1084239.25, 1186930.0, 1289620.75, 1392311.625, 1495002.375, 1597693.125, 1700383.875, 1803074.625, 1905765.5, 2008456.25, 2111147.0, 2213837.75, 2316528.5, 2419219.25, 2521910.0, 2624600.75, 2727291.75, 2829982.5, 2932673.25, 3035364.0, 3138054.75, 3240745.25, 3343436.0, 3446126.75, 3548817.5, 3651508.25, 3754199.0, 3856890.0, 3959580.75, 4062271.5, 4164962.25, 4267653.0, 4370344.0, 4473034.5, 4575725.0, 4678416.0, 4781107.0, 4883797.5, 4986488.5, 5089179.0, 5191870.0, 5294561.0, 5397251.5, 5499942.0, 5602633.0, 5705324.0, 5808014.5, 5910705.5, 6013396.0, 6116087.0, 6218777.5, 6321468.5, 6424159.0, 6526850.0]}, "gradients/layer1.weight": {"_type": "histogram",