{"loss": 1.8305429220199585, "epoch": 0, "_timestamp": 1695799026.868457, "_runtime": 4.422295093536377, "_step": 0}